{"level":{"1":{"bomb_prob":0.002,"boss":1,"boss_cup":"106:90|107:8|108:2","boss_gem":"102:90|103:8|104:2","chapter":1,"factor":0.95,"id":1,"monster_blood":"10001:1500|10002:1000|10003:500","monster_gem":"102:95|103:4|104:1","monster_mintime":2,"monster_overtime":3.34,"monster_time":5,"rocket_mintime":1,"rocket_prob":2.5,"rocket_row":0,"rocket_script":"12:1|15:1|18:1|20:1","rocket_single":100,"rocket_storm":0,"rocket_time":3,"rocket_timemax":2.668,"rocket_timemin":1.9057142857142857,"rocket_track":0.025,"star":"1:star1|4:star2","treasure_gem":"102:100|103:0|104:0","treasure_prob":0,"wave":20},"2":{"bomb_prob":0.004,"boss":2,"boss_cup":"106:80|107:16|108:4","boss_gem":"102:80|103:16|104:4","chapter":2,"factor":0.95,"id":2,"monster_blood":"10002:300|10003:1000|10004:1000|10005:300|10006:200","monster_gem":"102:90|103:8|104:2","monster_mintime":2,"monster_overtime":2.57,"monster_time":5,"rocket_mintime":1,"rocket_prob":5,"rocket_row":5,"rocket_script":"4:1|8:1|12:1|16:4|20:1","rocket_single":90,"rocket_storm":5,"rocket_time":3,"rocket_timemax":1.991044776119403,"rocket_timemin":1.45,"rocket_track":0.05,"star":"2:star1|3:star2","treasure_gem":"102:95|103:4|104:1","treasure_prob":0.0025,"wave":20},"3":{"bomb_prob":0.006,"boss":3,"boss_cup":"106:60|107:32|108:8","boss_gem":"102:60|103:32|104:8","chapter":3,"factor":0.95,"id":3,"monster_blood":"10003:300|10004:1000|10005:1000|10006:300|10007:200","monster_gem":"102:80|103:16|104:4","monster_mintime":2,"monster_overtime":2.08,"monster_time":5,"rocket_mintime":1,"rocket_prob":7.5,"rocket_row":10,"rocket_script":"5:4|15:4|19:1|20:1","rocket_single":80,"rocket_storm":10,"rocket_time":3,"rocket_timemax":1.5880952380952378,"rocket_timemin":1.170175438596491,"rocket_track":0.1,"star":"1:star1|4:star4","treasure_gem":"102:90|103:8|104:2","treasure_prob":0.005,"wave":20},"4":{"bomb_prob":0.008,"boss":4,"boss_cup":"106:20|107:64|108:16","boss_gem":"102:20|103:64|104:16","chapter":4,"factor":0.95,"id":4,"monster_blood":"10004:300|10005:1000|10006:1000|10007:300|10008:200","monster_gem":"102:60|103:32|104:8","monster_mintime":2,"monster_overtime":1.8,"monster_time":5,"rocket_mintime":1,"rocket_prob":10,"rocket_row":15,"rocket_script":"5:4|15:4|18:1|19:1|20:1","rocket_single":70,"rocket_storm":15,"rocket_time":3,"rocket_timemax":1.3474747474747475,"rocket_timemin":0.9955223880597016,"rocket_track":0.2,"star":"2:star1|3:star5","treasure_gem":"102:80|103:16|104:4","treasure_prob":0.0075,"wave":20},"5":{"bomb_prob":0.01,"boss":1,"boss_cup":"106:10|107:58|108:32","boss_gem":"102:10|103:58|104:32","chapter":5,"factor":0.95,"id":5,"monster_blood":"10005:300|10006:1000|10007:1000|10008:300|10009:200","monster_gem":"102:20|103:64|104:16","monster_mintime":2,"monster_overtime":1.6,"monster_time":5,"rocket_mintime":1,"rocket_prob":12.5,"rocket_row":20,"rocket_script":"5:4|15:4|17:1|19:1|20:1","rocket_single":60,"rocket_storm":20,"rocket_time":3,"rocket_timemax":1.1701754385964913,"rocket_timemin":0.8662337662337662,"rocket_track":0.3,"star":"1:star2|4:star4","treasure_gem":"102:60|103:32|104:8","treasure_prob":0.01,"wave":20},"6":{"bomb_prob":0.011,"boss":2,"boss_cup":"106:5|107:31|108:64","boss_gem":"102:5|103:31|104:64","chapter":6,"factor":0.95,"id":6,"monster_blood":"10006:300|10007:1000|10008:1000|10009:300|10010:200","monster_gem":"102:10|103:58|104:32","monster_mintime":2,"monster_overtime":1.5,"monster_time":5,"rocket_mintime":1,"rocket_prob":15,"rocket_row":25,"rocket_script":"5:4|8:1|12:1|15:4|19:2","rocket_single":50,"rocket_storm":25,"rocket_time":3,"rocket_timemax":1.0503937007874016,"rocket_timemin":0.7755813953488371,"rocket_track":0.4,"star":"2:star2|3:star4","treasure_gem":"102:20|103:64|104:16","treasure_prob":0.011,"wave":20},"7":{"bomb_prob":0.012,"boss":3,"boss_cup":"106:2|107:16|108:82","boss_gem":"102:2|103:16|104:82","chapter":7,"factor":0.95,"id":7,"monster_blood":"10007:300|10008:1000|10009:1000|10010:300|10011:200","monster_gem":"102:5|103:31|104:64","monster_mintime":2,"monster_overtime":1.45,"monster_time":5,"rocket_mintime":1,"rocket_prob":17.5,"rocket_row":30,"rocket_script":"4:1|5:4|10:4|15:4|19:4|20:4","rocket_single":40,"rocket_storm":30,"rocket_time":3,"rocket_timemax":0.9666666666666668,"rocket_timemin":0.7095744680851065,"rocket_track":0.5,"star":"1:star2|4:star5","treasure_gem":"102:10|103:58|104:32","treasure_prob":0.012,"wave":20},"8":{"bomb_prob":0.013,"boss":4,"boss_cup":"106:1|107:8|108:91","boss_gem":"102:1|103:8|104:91","chapter":8,"factor":0.95,"id":8,"monster_blood":"10008:300|10009:1000|10010:1000|10011:300|10012:200","monster_gem":"102:2|103:16|104:82","monster_mintime":2,"monster_overtime":1.4,"monster_time":5,"rocket_mintime":1,"rocket_prob":20,"rocket_row":35,"rocket_script":"3:1|4:1|5:4|10:4|15:4|19:4|20:4","rocket_single":30,"rocket_storm":35,"rocket_time":3,"rocket_timemax":0.9074829931972789,"rocket_timemin":0.6603960396039604,"rocket_track":0.6,"star":"2:star2|3:star4","treasure_gem":"102:5|103:31|104:64","treasure_prob":0.013,"wave":20},"9":{"bomb_prob":0.014,"boss":1,"boss_cup":"106:0|107:4|108:96","boss_gem":"102:0|103:4|104:96","chapter":9,"factor":0.95,"id":9,"monster_blood":"10009:300|10010:1000|10011:1000|10012:300|10013:200","monster_gem":"102:1|103:8|104:91","monster_mintime":2,"monster_overtime":1.35,"monster_time":5,"rocket_mintime":1,"rocket_prob":22.5,"rocket_row":40,"rocket_script":"2:1|3:1|4:1|5:4|10:4|15:4|19:4|20:4","rocket_single":20,"rocket_storm":40,"rocket_time":3,"rocket_timemax":0.8551282051282051,"rocket_timemin":0.6322274881516587,"rocket_track":0.7,"star":"1:star3|4:star5","treasure_gem":"102:2|103:16|104:82","treasure_prob":0.014,"wave":20},"10":{"bomb_prob":0.015,"boss":2,"boss_cup":"106:0|107:2|108:98","boss_gem":"102:0|103:2|104:98","chapter":10,"factor":0.95,"id":10,"monster_blood":"10010:300|10011:1000|10012:1000|10013:300|10014:200","monster_gem":"102:0|103:4|104:96","monster_mintime":2,"monster_overtime":1.3,"monster_time":5,"rocket_mintime":1,"rocket_prob":25,"rocket_row":45,"rocket_script":"5:3|15:2|20:3","rocket_single":10,"rocket_storm":45,"rocket_time":3,"rocket_timemax":0.7940476190476189,"rocket_timemin":0.6119266055045871,"rocket_track":0.75,"star":"2:star4|3:star5","treasure_gem":"102:1|103:8|104:91","treasure_prob":0.015,"wave":20},"11":{"bomb_prob":0.016,"boss":3,"boss_cup":"106:0|107:0|108:100","boss_gem":"102:0|103:0|104:100","chapter":11,"factor":0.95,"id":11,"monster_blood":"10011:300|10012:1000|10013:1000|10014:300|10015:200","monster_gem":"102:0|103:2|104:98","monster_mintime":2,"monster_overtime":1.28,"monster_time":5,"rocket_mintime":1,"rocket_prob":27.5,"rocket_row":50,"rocket_script":"5:2|15:3|20:2","rocket_single":0,"rocket_storm":50,"rocket_time":3,"rocket_timemax":0.741111111111111,"rocket_timemin":0.5928888888888889,"rocket_track":0.8,"star":"1:star1|4:star1","treasure_gem":"102:0|103:4|104:96","treasure_prob":0.016,"wave":20},"12":{"bomb_prob":0.017,"boss":4,"boss_cup":"106:0|107:0|108:100","boss_gem":"102:0|103:0|104:100","chapter":12,"factor":0.95,"id":12,"monster_blood":"10012:300|10013:1000|10014:1000|10015:300|10016:200","monster_gem":"102:0|103:0|104:100","monster_mintime":2,"monster_overtime":1.26,"monster_time":5,"rocket_mintime":1,"rocket_prob":30,"rocket_row":55,"rocket_script":"4:2|7:4|15:4|20:2","rocket_single":0,"rocket_storm":45,"rocket_time":3,"rocket_timemax":0.6947916666666666,"rocket_timemin":0.5749999999999998,"rocket_track":0.85,"star":"2:star2|3:star2","treasure_gem":"102:0|103:2|104:98","treasure_prob":0.017,"wave":20},"13":{"bomb_prob":0.018,"boss":1,"boss_cup":"106:0|107:0|108:100","boss_gem":"102:0|103:0|104:100","chapter":13,"factor":0.95,"id":13,"monster_blood":"10013:300|10014:1000|10015:1000|10016:300|10017:200","monster_gem":"102:0|103:0|104:100","monster_mintime":2,"monster_overtime":1.24,"monster_time":5,"rocket_mintime":1,"rocket_prob":32.5,"rocket_row":60,"rocket_script":"4:3|5:4|15:5|20:2","rocket_single":0,"rocket_storm":40,"rocket_time":3,"rocket_timemax":0.653921568627451,